companyClientLevelType,Communauto,POTENTIAL_CLIENT,
companyAddresses_primary,Baidu,"{'address': '北京市海淀区百度大厦C座', 'address2': None, 'geoInfoEN': {'cityId': 9993452, 'city': None, 'province': None, 'country': None}, 'companyAddressType': 'PRIMARY'}","{'address': None, 'address2': None, 'geoInfoEN': {'cityId': None, 'city': None, 'province': None, 'country': None}, 'companyAddressType': 'PRIMARY'}"
companyAddresses_primary,Ant financial 蚂蚁金服 US,"{'address': None, 'address2': None, 'geoInfoEN': {'cityId': None, 'city': None, 'province': None, 'country': None}, 'companyAddressType': 'PRIMARY'}","{'address': '525 Almanor Ave, Sunnyvale, CA 94085', 'address2': None, 'geoInfoEN': {'cityId': 5400075, 'city': 'Sunnyvale', 'province': 'California', 'country': 'United States'}, 'companyAddressType': 'PRIMARY'}"
companyAddresses_primary,物灵科技,"{'address': None, 'address2': None, 'geoInfoEN': {'cityId': None, 'city': None, 'province': None, 'country': None}, 'companyAddressType': 'PRIMARY'}","{'address': 'beijing', 'address2': None, 'geoInfoEN': {'cityId': 1816670, 'city': 'Beijing', 'province': 'Beijing', 'country': 'China'}, 'companyAddressType': 'PRIMARY'}"
companyAddresses_primary,SF-Express 顺丰物流 US,"{'address': None, 'address2': None, 'geoInfoEN': {'cityId': None, 'city': None, 'province': None, 'country': None}, 'companyAddressType': 'PRIMARY'}","{'address': '深圳南山', 'address2': None, 'geoInfoEN': {'cityId': 1795565, 'city': 'Shenzhen', 'province': 'Guangdong', 'country': 'China'}, 'companyAddressType': 'PRIMARY'}"
companyAddresses_primary,Ruijie 锐捷 US,"{'address': None, 'address2': None, 'geoInfoEN': {'cityId': None, 'city': None, 'province': None, 'country': None}, 'companyAddressType': 'PRIMARY'}","{'address': '9191 Towne Centre', 'address2': None, 'geoInfoEN': {'cityId': 5391811, 'city': 'San Diego', 'province': 'California', 'country': 'United States'}, 'companyAddressType': 'PRIMARY'}"
companyAddresses_primary,"Suzhou Becklos Electronic Technology Co., Ltd","{'address': None, 'address2': None, 'geoInfoEN': {'cityId': None, 'city': None, 'province': None, 'country': None}, 'companyAddressType': 'PRIMARY'}","{'address': '48383 Fremont Blvd Unit 116', 'address2': None, 'geoInfoEN': {'cityId': 4920512, 'city': 'Fremont', 'province': 'Indiana', 'country': 'United States'}, 'companyAddressType': 'PRIMARY'}"
companyAddresses_primary,Coohom 酷家乐 US,"{'address': None, 'address2': None, 'geoInfoEN': {'cityId': None, 'city': None, 'province': None, 'country': None}, 'companyAddressType': 'PRIMARY'}","{'address': '10900 NE 8th St, Suite 501', 'address2': None, 'geoInfoEN': {'cityId': 2661568, 'city': 'Bellevue', 'province': 'Geneva', 'country': 'Switzerland'}, 'companyAddressType': 'PRIMARY'}"
companyAddresses_primary,CBMG 西比曼 China,"{'address': '9605 Medical Center Drive Ste 100', 'address2': None, 'geoInfoEN': {'cityId': 1787375, 'city': None, 'province': None, 'country': None}, 'companyAddressType': 'PRIMARY'}","{'address': '800 W El Camino Real #100', 'address2': None, 'geoInfoEN': {'cityId': 5375480, 'city': 'Mountain View', 'province': 'California', 'country': 'United States'}, 'companyAddressType': 'PRIMARY'}"
companyAddresses_primary,Sifive Inc.,"{'address': None, 'address2': None, 'geoInfoEN': {'cityId': None, 'city': None, 'province': None, 'country': None}, 'companyAddressType': 'PRIMARY'}","{'address': '967 N Shoreline Blvd', 'address2': None, 'geoInfoEN': {'cityId': 4543228, 'city': 'Mountain View', 'province': 'Oklahoma', 'country': 'United States'}, 'companyAddressType': 'PRIMARY'}"
companyAddresses_primary,Tubi,"{'address': '北京市朝阳区望京东园四区13号楼浦项中心A座23层', 'address2': None, 'geoInfoEN': {'cityId': 1792520, 'city': None, 'province': None, 'country': None}, 'companyAddressType': 'PRIMARY'}","{'address': None, 'address2': None, 'geoInfoEN': {'cityId': None, 'city': None, 'province': None, 'country': None}, 'companyAddressType': 'PRIMARY'}"
companyAddresses_primary,Kwai Inc. 快手 US,"{'address': '上海市太仓路 200 号', 'address2': None, 'geoInfoEN': {'cityId': 1787957, 'city': None, 'province': None, 'country': None}, 'companyAddressType': 'PRIMARY'}","{'address': None, 'address2': None, 'geoInfoEN': {'cityId': None, 'city': None, 'province': None, 'country': None}, 'companyAddressType': 'PRIMARY'}"
companyAddresses_primary,享道出行-SH,"strptime() argument 1 must be str, not None"
companyAddresses_primary,腾讯音乐,"{'address': None, 'address2': None, 'geoInfoEN': {'cityId': None, 'city': None, 'province': None, 'country': None}, 'companyAddressType': 'PRIMARY'}","{'address': '755 N Pastoria Ave.', 'address2': None, 'geoInfoEN': {'cityId': 5400075, 'city': 'Sunnyvale', 'province': 'California', 'country': 'United States'}, 'companyAddressType': 'PRIMARY'}"
companyAddresses_primary,滴滴出行,"{'address': None, 'address2': None, 'geoInfoEN': {'cityId': None, 'city': None, 'province': None, 'country': None}, 'companyAddressType': 'PRIMARY'}","{'address': '944 Market St.', 'address2': None, 'geoInfoEN': {'cityId': 5391958, 'city': 'San Francisco', 'province': 'California', 'country': 'United States'}, 'companyAddressType': 'PRIMARY'}"
companyAddresses_primary,Mojo Vision,"{'address': None, 'address2': None, 'geoInfoEN': {'cityId': None, 'city': None, 'province': None, 'country': None}, 'companyAddressType': 'PRIMARY'}","{'address': '944 Market St.', 'address2': None, 'geoInfoEN': {'cityId': 5391958, 'city': 'San Francisco', 'province': 'California', 'country': 'United States'}, 'companyAddressType': 'PRIMARY'}"
companyAddresses_primary,涂鸦智能,"{'address': None, 'address2': None, 'geoInfoEN': {'cityId': None, 'city': None, 'province': None, 'country': None}, 'companyAddressType': 'PRIMARY'}","{'address': '1081 S De Anza Blvd, 95129', 'address2': None, 'geoInfoEN': {'cityId': 5392171, 'city': 'San Jose', 'province': 'California', 'country': 'United States'}, 'companyAddressType': 'PRIMARY'}"
companyAddresses_primary,鸿达印刷,"{'address': None, 'address2': None, 'geoInfoEN': {'cityId': None, 'city': None, 'province': None, 'country': None}, 'companyAddressType': 'PRIMARY'}","{'address': '1081 S De Anza Blvd, 95129', 'address2': None, 'geoInfoEN': {'cityId': 5392171, 'city': 'San Jose', 'province': 'California', 'country': 'United States'}, 'companyAddressType': 'PRIMARY'}"
companyAddresses_primary,Honda Printing Holdings Limited 鸿达印刷 US,"{'address': None, 'address2': None, 'geoInfoEN': {'cityId': None, 'city': None, 'province': None, 'country': None}, 'companyAddressType': 'PRIMARY'}","{'address': '1081 S De Anza Blvd, 95129', 'address2': None, 'geoInfoEN': {'cityId': 5392171, 'city': 'San Jose', 'province': 'California', 'country': 'United States'}, 'companyAddressType': 'PRIMARY'}"
companyAddresses_primary,TAL 好未来 CN,"{'address': None, 'address2': None, 'geoInfoEN': {'cityId': None, 'city': None, 'province': None, 'country': None}, 'companyAddressType': 'PRIMARY'}","{'address': '2479 E Bayshore Rd #110', 'address2': None, 'geoInfoEN': {'cityId': 5380748, 'city': 'Palo Alto', 'province': 'California', 'country': 'United States'}, 'companyAddressType': 'PRIMARY'}"
companyAddresses_primary,智联招聘 中国,"{'address': None, 'address2': None, 'geoInfoEN': {'cityId': None, 'city': None, 'province': None, 'country': None}, 'companyAddressType': 'PRIMARY'}","{'address': '2479 E Bayshore Rd #110', 'address2': None, 'geoInfoEN': {'cityId': 5380748, 'city': 'Palo Alto', 'province': 'California', 'country': 'United States'}, 'companyAddressType': 'PRIMARY'}"
companyAddresses_primary,Segway Inc US,"{'address': None, 'address2': None, 'geoInfoEN': {'cityId': None, 'city': None, 'province': None, 'country': None}, 'companyAddressType': 'PRIMARY'}","{'address': 'Guangdong', 'address2': None, 'geoInfoEN': {'cityId': 1812545, 'city': 'Dongguan', 'province': 'Guangdong', 'country': 'China'}, 'companyAddressType': 'PRIMARY'}"
companyAddresses_primary,Zeku Inc US,"{'address': '杭州市余杭区贝达梦工厂 D座502', 'address2': None, 'geoInfoEN': {'cityId': 2038349, 'city': None, 'province': None, 'country': None}, 'companyAddressType': 'PRIMARY'}","{'address': None, 'address2': None, 'geoInfoEN': {'cityId': None, 'city': None, 'province': None, 'country': None}, 'companyAddressType': 'PRIMARY'}"
companyAddresses_primary,Pulse Electronic Corporation,"{'address': None, 'address2': None, 'geoInfoEN': {'cityId': None, 'city': None, 'province': None, 'country': None}, 'companyAddressType': 'PRIMARY'}","{'address': '3030 Northern Blvd, Suit 403, Long Island City, NY 11101', 'address2': None, 'geoInfoEN': {'cityId': 4770569, 'city': 'Long Island', 'province': 'Virginia', 'country': 'United States'}, 'companyAddressType': 'PRIMARY'}"
companyAddresses_primary,Bilibili B站 中国,"{'address': 'Yangpu, Shanghai, China', 'address2': None, 'geoInfoEN': {'cityId': 1798234, 'city': None, 'province': None, 'country': None}, 'companyAddressType': 'PRIMARY'}","{'address': None, 'address2': None, 'geoInfoEN': {'cityId': None, 'city': None, 'province': None, 'country': None}, 'companyAddressType': 'PRIMARY'}"
companyAddresses_primary,AFE,"{'address': None, 'address2': None, 'geoInfoEN': {'cityId': None, 'city': None, 'province': None, 'country': None}, 'companyAddressType': 'PRIMARY'}","{'address': '50 Beale St. Suite #600', 'address2': None, 'geoInfoEN': {'cityId': 3493146, 'city': 'San Francisco de Macorís', 'province': 'Provincia Duarte', 'country': 'Dominican Republic'}, 'companyAddressType': 'PRIMARY'}"
companyAddresses_primary,Huami North America 华米 US,"{'address': None, 'address2': None, 'geoInfoEN': {'cityId': None, 'city': None, 'province': None, 'country': None}, 'companyAddressType': 'PRIMARY'}","{'address': '4502 Riverstone Blvd, Suite 201', 'address2': None, 'geoInfoEN': {'cityId': 4711801, 'city': 'Missouri City', 'province': 'Texas', 'country': 'United States'}, 'companyAddressType': 'PRIMARY'}"
companyAddresses_primary,PN Junction 派恩杰半导体有限公司 中国,"{'address': None, 'address2': None, 'geoInfoEN': {'cityId': None, 'city': None, 'province': None, 'country': None}, 'companyAddressType': 'PRIMARY'}","{'address': '4502 Riverstone Blvd, Suite 201', 'address2': None, 'geoInfoEN': {'cityId': 4711801, 'city': 'Missouri City', 'province': 'Texas', 'country': 'United States'}, 'companyAddressType': 'PRIMARY'}"
companyAddresses_primary,T-Mobile US,"{'address': None, 'address2': None, 'geoInfoEN': {'cityId': None, 'city': None, 'province': None, 'country': None}, 'companyAddressType': 'PRIMARY'}","{'address': '1099 New York Avenue', 'address2': None, 'geoInfoEN': {'cityId': 7267650, 'city': 'Washington Navy Yard', 'province': 'District of Columbia', 'country': 'United States'}, 'companyAddressType': 'PRIMARY'}"
companyAddresses_primary,深圳麦克韦尔科技有限公司 中国,"{'address': None, 'address2': None, 'geoInfoEN': {'cityId': None, 'city': None, 'province': None, 'country': None}, 'companyAddressType': 'PRIMARY'}","{'address': 'shanghai', 'address2': None, 'geoInfoEN': {'cityId': 1796236, 'city': 'Shanghai', 'province': 'Shanghai', 'country': 'China'}, 'companyAddressType': 'PRIMARY'}"
companyAddresses_primary,KIKA CN,"{'address': None, 'address2': None, 'geoInfoEN': {'cityId': None, 'city': None, 'province': None, 'country': None}, 'companyAddressType': 'PRIMARY'}","{'address': '威海路wework', 'address2': None, 'geoInfoEN': {'cityId': 1796236, 'city': 'Shanghai', 'province': 'Shanghai', 'country': 'China'}, 'companyAddressType': 'PRIMARY'}"
companyAddresses_primary,"BEIJING KUNLUN TECH CO.,LTD - 北京昆仑万维","{'address': None, 'address2': None, 'geoInfoEN': {'cityId': None, 'city': None, 'province': None, 'country': None}, 'companyAddressType': 'PRIMARY'}","{'address': 'china', 'address2': None, 'geoInfoEN': {'cityId': 1811103, 'city': 'Foshan', 'province': 'Guangdong', 'country': 'China'}, 'companyAddressType': 'PRIMARY'}"
companyAddresses_primary,WingTech 闻泰科技股份有限公司 中国,"{'address': None, 'address2': None, 'geoInfoEN': {'cityId': None, 'city': None, 'province': None, 'country': None}, 'companyAddressType': 'PRIMARY'}","{'address': '150 Spear St.', 'address2': None, 'geoInfoEN': {'cityId': 1690019, 'city': 'San Francisco', 'province': 'Caraga', 'country': 'Philippines'}, 'companyAddressType': 'PRIMARY'}"
companyAddresses_primary,上海医药集团股份有限公司,"{'address': '上海市太仓路 200 号', 'address2': None, 'geoInfoEN': {'cityId': 1787957, 'city': None, 'province': None, 'country': None}, 'companyAddressType': 'PRIMARY'}","{'address': None, 'address2': None, 'geoInfoEN': {'cityId': None, 'city': None, 'province': None, 'country': None}, 'companyAddressType': 'PRIMARY'}"
companyAddresses_primary,Profex 百互润贸易有限公司 中国,"{'address': None, 'address2': None, 'geoInfoEN': {'cityId': None, 'city': None, 'province': None, 'country': None}, 'companyAddressType': 'PRIMARY'}","{'address': '无锡市锡山区安镇街道新世纪工业园吼山南路15号', 'address2': None, 'geoInfoEN': {'cityId': 1796236, 'city': 'Shanghai', 'province': 'Shanghai', 'country': 'China'}, 'companyAddressType': 'PRIMARY'}"
companyAddresses_primary,Mentech 东莞铭普光磁 US,"{'address': None, 'address2': None, 'geoInfoEN': {'cityId': None, 'city': None, 'province': None, 'country': None}, 'companyAddressType': 'PRIMARY'}","{'address': '上海徐汇紫竹工业园区', 'address2': None, 'geoInfoEN': {'cityId': 1796236, 'city': 'Shanghai', 'province': 'Shanghai', 'country': 'China'}, 'companyAddressType': 'PRIMARY'}"
companyAddresses_primary,JPT 深圳杰普特光电 US,"{'address': None, 'address2': None, 'geoInfoEN': {'cityId': None, 'city': None, 'province': None, 'country': None}, 'companyAddressType': 'PRIMARY'}","{'address': '381 East Evelyn Avenue', 'address2': None, 'geoInfoEN': {'cityId': 5832901, 'city': 'Mountain View', 'province': 'Wyoming', 'country': 'United States'}, 'companyAddressType': 'PRIMARY'}"
companyAddresses_primary,Meituan  美团 （回国项目）美国,"{'address': None, 'address2': None, 'geoInfoEN': {'cityId': None, 'city': None, 'province': None, 'country': None}, 'companyAddressType': 'PRIMARY'}","{'address': '381 East Evelyn Avenue', 'address2': None, 'geoInfoEN': {'cityId': 5832901, 'city': 'Mountain View', 'province': 'Wyoming', 'country': 'United States'}, 'companyAddressType': 'PRIMARY'}"
companyAddresses_primary,Openresty-China,"{'address': None, 'address2': None, 'geoInfoEN': {'cityId': None, 'city': None, 'province': None, 'country': None}, 'companyAddressType': 'PRIMARY'}","{'address': '150 Spear St, San Francisco, California 94105, US', 'address2': None, 'geoInfoEN': {'cityId': 5391958, 'city': 'San Francisco', 'province': 'California', 'country': 'United States'}, 'companyAddressType': 'PRIMARY'}"
companyAddresses_primary,上上签 中国,"{'address': None, 'address2': None, 'geoInfoEN': {'cityId': None, 'city': None, 'province': None, 'country': None}, 'companyAddressType': 'PRIMARY'}","{'address': '合肥市高新区香蒲路501号1号楼', 'address2': None, 'geoInfoEN': {'cityId': 1808722, 'city': 'Hefei', 'province': 'Anhui', 'country': 'China'}, 'companyAddressType': 'PRIMARY'}"
companyAddresses_primary,Sacramento Municipal Utility District,"{'address': None, 'address2': None, 'geoInfoEN': {'cityId': None, 'city': None, 'province': None, 'country': None}, 'companyAddressType': 'PRIMARY'}","{'address': '合肥市高新区香蒲路501号1号楼', 'address2': None, 'geoInfoEN': {'cityId': 1808722, 'city': 'Hefei', 'province': 'Anhui', 'country': 'China'}, 'companyAddressType': 'PRIMARY'}"
companyAddresses_primary,XYZ Studio 快手 US,"{'address': None, 'address2': None, 'geoInfoEN': {'cityId': None, 'city': None, 'province': None, 'country': None}, 'companyAddressType': 'PRIMARY'}","{'address': '合肥市高新区香蒲路501号1号楼', 'address2': None, 'geoInfoEN': {'cityId': 1808722, 'city': 'Hefei', 'province': 'Anhui', 'country': 'China'}, 'companyAddressType': 'PRIMARY'}"
companyAddresses_primary,爱家集团,"{'address': None, 'address2': None, 'geoInfoEN': {'cityId': None, 'city': None, 'province': None, 'country': None}, 'companyAddressType': 'PRIMARY'}","{'address': '上海杨浦区', 'address2': None, 'geoInfoEN': {'cityId': 1796236, 'city': 'Shanghai', 'province': 'Shanghai', 'country': 'China'}, 'companyAddressType': 'PRIMARY'}"
companyAddresses_primary,Honeycomb Data 蜂巢科技（南通）有限公司,"{'address': None, 'address2': None, 'geoInfoEN': {'cityId': None, 'city': None, 'province': None, 'country': None}, 'companyAddressType': 'PRIMARY'}","{'address': '2400 Sand Hill Road', 'address2': None, 'geoInfoEN': {'cityId': 977058, 'city': 'Menlo Park', 'province': 'Gauteng', 'country': 'South Africa'}, 'companyAddressType': 'PRIMARY'}"
companyAddresses_primary,雅智捷 Edenred,"{'address': None, 'address2': None, 'geoInfoEN': {'cityId': None, 'city': None, 'province': None, 'country': None}, 'companyAddressType': 'PRIMARY'}","{'address': '宁波市宁海县科技园区科园北路281号', 'address2': None, 'geoInfoEN': {'cityId': 1796236, 'city': 'Shanghai', 'province': 'Shanghai', 'country': 'China'}, 'companyAddressType': 'PRIMARY'}"
companyAddresses_primary,SWIFT US,"{'address': None, 'address2': None, 'geoInfoEN': {'cityId': None, 'city': None, 'province': None, 'country': None}, 'companyAddressType': 'PRIMARY'}","{'address': '宁波市宁海县科技园区科园北路281号', 'address2': None, 'geoInfoEN': {'cityId': 1796236, 'city': 'Shanghai', 'province': 'Shanghai', 'country': 'China'}, 'companyAddressType': 'PRIMARY'}"
companyAddresses_primary,DFS 全量全速 US,"{'address': None, 'address2': None, 'geoInfoEN': {'cityId': None, 'city': None, 'province': None, 'country': None}, 'companyAddressType': 'PRIMARY'}","{'address': '宁波市宁海县科技园区科园北路281号', 'address2': None, 'geoInfoEN': {'cityId': 1796236, 'city': 'Shanghai', 'province': 'Shanghai', 'country': 'China'}, 'companyAddressType': 'PRIMARY'}"
companyAddresses_primary,蔚来,"{'address': None, 'address2': None, 'geoInfoEN': {'cityId': None, 'city': None, 'province': None, 'country': None}, 'companyAddressType': 'PRIMARY'}","{'address': '500 W Cummings Park, 6500', 'address2': None, 'geoInfoEN': {'cityId': 4956032, 'city': 'Woburn', 'province': 'Massachusetts', 'country': 'United States'}, 'companyAddressType': 'PRIMARY'}"
companyAddresses_primary,Sobey UK,"{'address': None, 'address2': None, 'geoInfoEN': {'cityId': None, 'city': None, 'province': None, 'country': None}, 'companyAddressType': 'PRIMARY'}","{'address': '500 W Cummings Park, 6500', 'address2': None, 'geoInfoEN': {'cityId': 4956032, 'city': 'Woburn', 'province': 'Massachusetts', 'country': 'United States'}, 'companyAddressType': 'PRIMARY'}"
companyAddresses_primary,Clover Biopharma 三叶草制药 US,"{'address': None, 'address2': None, 'geoInfoEN': {'cityId': None, 'city': None, 'province': None, 'country': None}, 'companyAddressType': 'PRIMARY'}","{'address': '500 W Cummings Park, 6500', 'address2': None, 'geoInfoEN': {'cityId': 4956032, 'city': 'Woburn', 'province': 'Massachusetts', 'country': 'United States'}, 'companyAddressType': 'PRIMARY'}"
companyAddresses_primary,Hanchor Biotech 汉康生物技术 US,"{'address': 'Yangpu, Shanghai, China', 'address2': None, 'geoInfoEN': {'cityId': 1798234, 'city': None, 'province': None, 'country': None}, 'companyAddressType': 'PRIMARY'}","{'address': '500 W Cummings Park, 6500', 'address2': None, 'geoInfoEN': {'cityId': 4956032, 'city': 'Woburn', 'province': 'Massachusetts', 'country': 'United States'}, 'companyAddressType': 'PRIMARY'}"
companyAddresses_primary,坤湛科技-Quadtalent,"{'address': None, 'address2': None, 'geoInfoEN': {'cityId': None, 'city': None, 'province': None, 'country': None}, 'companyAddressType': 'PRIMARY'}","{'address': '徐汇日月光7楼', 'address2': None, 'geoInfoEN': {'cityId': 1796236, 'city': 'Shanghai', 'province': 'Shanghai', 'country': 'China'}, 'companyAddressType': 'PRIMARY'}"
companyAddresses_primary,SKF 斯凯孚,"{'address': '上海市嘉定区园汽路1189号', 'address2': None, 'geoInfoEN': {'cityId': 1814915, 'city': None, 'province': None, 'country': None}, 'companyAddressType': 'PRIMARY'}","{'address': '9191 Towne Centre', 'address2': None, 'geoInfoEN': {'cityId': 1690160, 'city': 'San Diego', 'province': 'Calabarzon', 'country': 'Philippines'}, 'companyAddressType': 'PRIMARY'}"
companyAddresses_primary,Immersity Tech Inc.,"{'address': None, 'address2': None, 'geoInfoEN': {'cityId': None, 'city': None, 'province': None, 'country': None}, 'companyAddressType': 'PRIMARY'}","{'address': 'REMOTE Street', 'address2': None, 'geoInfoEN': {'cityId': 3493168, 'city': 'San Francisco', 'province': 'Provincia de Dajabon', 'country': 'Dominican Republic'}, 'companyAddressType': 'PRIMARY'}"
companyAddresses_primary,中软国际,"{'address': None, 'address2': None, 'geoInfoEN': {'cityId': None, 'city': None, 'province': None, 'country': None}, 'companyAddressType': 'PRIMARY'}","{'address': 'REMOTE Street', 'address2': None, 'geoInfoEN': {'cityId': 3493168, 'city': 'San Francisco', 'province': 'Provincia de Dajabon', 'country': 'Dominican Republic'}, 'companyAddressType': 'PRIMARY'}"
companyAddresses_primary,菲亚特克莱斯勒 Stellatis,"{'address': '古美路', 'address2': None, 'geoInfoEN': {'cityId': 1787375, 'city': None, 'province': None, 'country': None}, 'companyAddressType': 'PRIMARY'}","{'address': None, 'address2': None, 'geoInfoEN': {'cityId': None, 'city': None, 'province': None, 'country': None}, 'companyAddressType': 'PRIMARY'}"
companyAddresses_primary,上海依图网络科技有限公司,"{'address': None, 'address2': None, 'geoInfoEN': {'cityId': None, 'city': None, 'province': None, 'country': None}, 'companyAddressType': 'PRIMARY'}","{'address': 'No.9 Dongjin Road, Huaguoshan Avenue,', 'address2': None, 'geoInfoEN': {'cityId': 1796236, 'city': 'Shanghai', 'province': 'Shanghai', 'country': 'China'}, 'companyAddressType': 'PRIMARY'}"
companyAddresses_primary,AUTEL,"{'address': None, 'address2': None, 'geoInfoEN': {'cityId': None, 'city': None, 'province': None, 'country': None}, 'companyAddressType': 'PRIMARY'}","{'address': 'No.9 Dongjin Road, Huaguoshan Avenue,', 'address2': None, 'geoInfoEN': {'cityId': 1796236, 'city': 'Shanghai', 'province': 'Shanghai', 'country': 'China'}, 'companyAddressType': 'PRIMARY'}"
companyAddresses_primary,YouLand 有联科技 US,"{'address': None, 'address2': None, 'geoInfoEN': {'cityId': None, 'city': None, 'province': None, 'country': None}, 'companyAddressType': 'PRIMARY'}","{'address': '5780 S40th St. Ste 1', 'address2': None, 'geoInfoEN': {'cityId': 5308655, 'city': 'Phoenix', 'province': 'Arizona', 'country': 'United States'}, 'companyAddressType': 'PRIMARY'}"
companyAddresses_primary,Wolong Electric - EMEA,"{'address': '405 E 4th Ave', 'address2': None, 'geoInfoEN': {'cityId': 5392423, 'city': 'San Mateo', 'province': 'California', 'country': 'United States'}, 'companyAddressType': 'PRIMARY'}","{'address': None, 'address2': None, 'geoInfoEN': {'cityId': None, 'city': None, 'province': None, 'country': None}, 'companyAddressType': 'PRIMARY'}"
companyAddresses_primary,RedHarp_US,"{'address': None, 'address2': None, 'geoInfoEN': {'cityId': None, 'city': None, 'province': None, 'country': None}, 'companyAddressType': 'PRIMARY'}","{'address': 'wuhan', 'address2': None, 'geoInfoEN': {'cityId': 1791247, 'city': 'Wuhan', 'province': 'Hubei', 'country': 'China'}, 'companyAddressType': 'PRIMARY'}"
companyAddresses_primary," Kechow Pharma, Inc","{'address': None, 'address2': None, 'geoInfoEN': {'cityId': None, 'city': None, 'province': None, 'country': None}, 'companyAddressType': 'PRIMARY'}","{'address': '50 Beale St. Suite #600', 'address2': None, 'geoInfoEN': {'cityId': 3493146, 'city': 'San Francisco de Macorís', 'province': 'Provincia Duarte', 'country': 'Dominican Republic'}, 'companyAddressType': 'PRIMARY'}"
companyAddresses_primary,China Telecom 中国电信 US,"{'address': None, 'address2': None, 'geoInfoEN': {'cityId': None, 'city': None, 'province': None, 'country': None}, 'companyAddressType': 'PRIMARY'}","{'address': 'Lawn House 74 Shepherds Bush Green London   W12 8QE', 'address2': None, 'geoInfoEN': {'cityId': 2643743, 'city': 'London', 'province': 'England', 'country': 'United Kingdom'}, 'companyAddressType': 'PRIMARY'}"
companyAddresses_primary,上海景栗信息科技有限公司,"{'address': None, 'address2': None, 'geoInfoEN': {'cityId': None, 'city': None, 'province': None, 'country': None}, 'companyAddressType': 'PRIMARY'}","{'address': '1065 E Hillsdale Blvd', 'address2': None, 'geoInfoEN': {'cityId': 5350159, 'city': 'Foster City', 'province': 'California', 'country': 'United States'}, 'companyAddressType': 'PRIMARY'}"
companyAddresses_primary,Sunvalleytek 泽宝 US,"{'address': None, 'address2': None, 'geoInfoEN': {'cityId': None, 'city': None, 'province': None, 'country': None}, 'companyAddressType': 'PRIMARY'}","{'address': '448 Ignacio Boulevard Suite 332 Novato, CA 94949 USA', 'address2': None, 'geoInfoEN': {'cityId': 5378044, 'city': 'Novato', 'province': 'California', 'country': 'United States'}, 'companyAddressType': 'PRIMARY'}"
companyAddresses_primary,"DIOO,江苏帝奥微电子股份有限公司","{'address': None, 'address2': None, 'geoInfoEN': {'cityId': None, 'city': None, 'province': None, 'country': None}, 'companyAddressType': 'PRIMARY'}","{'address': '448 Ignacio Boulevard Suite 332 Novato, CA 94949 USA', 'address2': None, 'geoInfoEN': {'cityId': 5378044, 'city': 'Novato', 'province': 'California', 'country': 'United States'}, 'companyAddressType': 'PRIMARY'}"
companyAddresses_primary,Oatly ,"{'address': None, 'address2': None, 'geoInfoEN': {'cityId': None, 'city': None, 'province': None, 'country': None}, 'companyAddressType': 'PRIMARY'}","{'address': '448 Ignacio Boulevard Suite 332 Novato, CA 94949 USA', 'address2': None, 'geoInfoEN': {'cityId': 5378044, 'city': 'Novato', 'province': 'California', 'country': 'United States'}, 'companyAddressType': 'PRIMARY'}"
companyAddresses_primary,默沙东（中国）有限公司,"{'address': None, 'address2': None, 'geoInfoEN': {'cityId': None, 'city': None, 'province': None, 'country': None}, 'companyAddressType': 'PRIMARY'}","{'address': '448 Ignacio Boulevard Suite 332 Novato, CA 94949 USA', 'address2': None, 'geoInfoEN': {'cityId': 5378044, 'city': 'Novato', 'province': 'California', 'country': 'United States'}, 'companyAddressType': 'PRIMARY'}"
companyAddresses_primary,EzeeShip/ShipOut,"{'address': None, 'address2': None, 'geoInfoEN': {'cityId': None, 'city': None, 'province': None, 'country': None}, 'companyAddressType': 'PRIMARY'}","{'address': '448 Ignacio Boulevard Suite 332 Novato, CA 94949 USA', 'address2': None, 'geoInfoEN': {'cityId': 5378044, 'city': 'Novato', 'province': 'California', 'country': 'United States'}, 'companyAddressType': 'PRIMARY'}"
companyAddresses_primary,DAC Group,"{'address': None, 'address2': None, 'geoInfoEN': {'cityId': None, 'city': None, 'province': None, 'country': None}, 'companyAddressType': 'PRIMARY'}","{'address': 'France', 'address2': None, 'geoInfoEN': {'cityId': 2967108, 'city': 'Blaye', 'province': 'Nouvelle-Aquitaine', 'country': 'France'}, 'companyAddressType': 'PRIMARY'}"
companyAddresses_primary,"Demax Medical Technology Co., Ltd （北京迪马克医药）","{'address': '北京市通州区中关村科技园区通州园', 'address2': None, 'geoInfoEN': {'cityId': 1792520, 'city': None, 'province': None, 'country': None}, 'companyAddressType': 'PRIMARY'}","{'address': 'France', 'address2': None, 'geoInfoEN': {'cityId': 2967108, 'city': 'Blaye', 'province': 'Nouvelle-Aquitaine', 'country': 'France'}, 'companyAddressType': 'PRIMARY'}"
companyAddresses_primary,Mylike,"{'address': None, 'address2': None, 'geoInfoEN': {'cityId': None, 'city': None, 'province': None, 'country': None}, 'companyAddressType': 'PRIMARY'}","{'address': 'France', 'address2': None, 'geoInfoEN': {'cityId': 2967108, 'city': 'Blaye', 'province': 'Nouvelle-Aquitaine', 'country': 'France'}, 'companyAddressType': 'PRIMARY'}"
companyAddresses_primary,上海肯耐珂萨人力资源科技股份,"{'address': None, 'address2': None, 'geoInfoEN': {'cityId': None, 'city': None, 'province': None, 'country': None}, 'companyAddressType': 'PRIMARY'}","{'address': '448 Ignacio Boulevard Suite 332 Novato, CA 94949 USA', 'address2': None, 'geoInfoEN': {'cityId': 5378044, 'city': 'Novato', 'province': 'California', 'country': 'United States'}, 'companyAddressType': 'PRIMARY'}"
companyAddresses_primary,Gate.Io US,"{'address': None, 'address2': None, 'geoInfoEN': {'cityId': None, 'city': None, 'province': None, 'country': None}, 'companyAddressType': 'PRIMARY'}","{'address': '1201 Bryant St', 'address2': None, 'geoInfoEN': {'cityId': 1690019, 'city': 'San Francisco', 'province': 'Caraga', 'country': 'Philippines'}, 'companyAddressType': 'PRIMARY'}"
companyAddresses_primary,Duality Bio 印恩生物 US,"{'address': None, 'address2': None, 'geoInfoEN': {'cityId': None, 'city': None, 'province': None, 'country': None}, 'companyAddressType': 'PRIMARY'}","{'address': '1201 Bryant St', 'address2': None, 'geoInfoEN': {'cityId': 1690019, 'city': 'San Francisco', 'province': 'Caraga', 'country': 'Philippines'}, 'companyAddressType': 'PRIMARY'}"
companyAddresses_primary,天格集团,"{'address': '深圳市福田区益田路卓越时代广场24层 ', 'address2': None, 'geoInfoEN': {'cityId': 1795565, 'city': 'Shenzhen', 'province': 'Guangdong', 'country': 'China'}, 'companyAddressType': 'PRIMARY'}","{'address': None, 'address2': None, 'geoInfoEN': {'cityId': None, 'city': None, 'province': None, 'country': None}, 'companyAddressType': 'PRIMARY'}"
companyAddresses_primary,强生集团 Johnson & Johnson CN,"{'address': '中国上海', 'address2': None, 'geoInfoEN': {'cityId': 1787375, 'city': None, 'province': None, 'country': None}, 'companyAddressType': 'PRIMARY'}","{'address': None, 'address2': None, 'geoInfoEN': {'cityId': None, 'city': None, 'province': None, 'country': None}, 'companyAddressType': 'PRIMARY'}"
companyAddresses_primary,Circle Internet Financial Limited,"{'address': 'TBD St', 'address2': None, 'geoInfoEN': {'cityId': 4930956, 'city': 'Boston', 'province': 'Massachusetts', 'country': 'United States'}, 'companyAddressType': 'PRIMARY'}","{'address': None, 'address2': None, 'geoInfoEN': {'cityId': None, 'city': None, 'province': None, 'country': None}, 'companyAddressType': 'PRIMARY'}"
companyAddresses_primary,Lanova 礼新医药,"{'address': '上海市金科路2889号长泰广场10号楼318室', 'address2': None, 'geoInfoEN': {'cityId': 1796236, 'city': 'Shanghai', 'province': 'Shanghai', 'country': 'China'}, 'companyAddressType': 'PRIMARY'}","{'address': None, 'address2': None, 'geoInfoEN': {'cityId': None, 'city': None, 'province': None, 'country': None}, 'companyAddressType': 'PRIMARY'}"
companyAddresses_primary,皮尔法伯（上海）医疗科技有限公司,"{'address': '天目西路128号企业中心一座1802', 'address2': None, 'geoInfoEN': {'cityId': 1796231, 'city': None, 'province': None, 'country': None}, 'companyAddressType': 'PRIMARY'}","{'address': None, 'address2': None, 'geoInfoEN': {'cityId': None, 'city': None, 'province': None, 'country': None}, 'companyAddressType': 'PRIMARY'}"
companyAddresses_primary,3S Bio 三生国健,"{'address': '中国（上海）自由贸易试验区李冰路399号', 'address2': None, 'geoInfoEN': {'cityId': 1796236, 'city': 'Shanghai', 'province': 'Shanghai', 'country': 'China'}, 'companyAddressType': 'PRIMARY'}","{'address': None, 'address2': None, 'geoInfoEN': {'cityId': None, 'city': None, 'province': None, 'country': None}, 'companyAddressType': 'PRIMARY'}"
companyAddresses_primary,晟科药业,"{'address': '苏州', 'address2': None, 'geoInfoEN': {'cityId': 1886760, 'city': 'Suzhou', 'province': 'Jiangsu', 'country': 'China'}, 'companyAddressType': 'PRIMARY'}","{'address': None, 'address2': None, 'geoInfoEN': {'cityId': None, 'city': None, 'province': None, 'country': None}, 'companyAddressType': 'PRIMARY'}"
companyAddresses_primary,NuOrder,"{'address': '1901 Avenue Of The Stars #175M', 'address2': None, 'geoInfoEN': {'cityId': 5368361, 'city': 'Los Angeles', 'province': 'California', 'country': 'United States'}, 'companyAddressType': 'PRIMARY'}","{'address': None, 'address2': None, 'geoInfoEN': {'cityId': None, 'city': None, 'province': None, 'country': None}, 'companyAddressType': 'PRIMARY'}"
companyAddresses_primary,百思童年 BravoKids,"{'address': '上海市闵行区虹桥绿谷E幢', 'address2': None, 'geoInfoEN': {'cityId': 1796236, 'city': 'Shanghai', 'province': 'Shanghai', 'country': 'China'}, 'companyAddressType': 'PRIMARY'}","{'address': None, 'address2': None, 'geoInfoEN': {'cityId': None, 'city': None, 'province': None, 'country': None}, 'companyAddressType': 'PRIMARY'}"
companyAddresses_primary,Brose博泽汽车,"{'address': 'https://www.brose-china.cn/cn-cn/brose-in-china/history/', 'address2': None, 'geoInfoEN': {'cityId': 1796231, 'city': None, 'province': None, 'country': None}, 'companyAddressType': 'PRIMARY'}","{'address': 'beijing', 'address2': None, 'geoInfoEN': {'cityId': 1816670, 'city': 'Beijing', 'province': 'Beijing', 'country': 'China'}, 'companyAddressType': 'PRIMARY'}"
companyAddresses_primary,宁波新湾,"{'address': '上海张江金科路', 'address2': None, 'geoInfoEN': {'cityId': 1798524, 'city': None, 'province': None, 'country': None}, 'companyAddressType': 'PRIMARY'}","{'address': '杭州市火炬大道581号', 'address2': None, 'geoInfoEN': {'cityId': 1808926, 'city': 'Hangzhou', 'province': 'Zhejiang', 'country': 'China'}, 'companyAddressType': 'PRIMARY'}"
companyAddresses_primary,艾昆纬IQVIA,"{'address': 'shanghai', 'address2': None, 'geoInfoEN': {'cityId': 1787957, 'city': None, 'province': None, 'country': None}, 'companyAddressType': 'PRIMARY'}","{'address': '成都市天府软件园', 'address2': None, 'geoInfoEN': {'cityId': 1815286, 'city': 'Chengdu', 'province': 'Sichuan', 'country': 'China'}, 'companyAddressType': 'PRIMARY'}"
companyAddresses_primary,神州租车,"{'address': '朝阳', 'address2': None, 'geoInfoEN': {'cityId': 1792520, 'city': None, 'province': None, 'country': None}, 'companyAddressType': 'PRIMARY'}","{'address': '深圳', 'address2': None, 'geoInfoEN': {'cityId': 250090, 'city': 'Zarqa', 'province': 'Zarqa', 'country': 'Hashemite Kingdom of Jordan'}, 'companyAddressType': 'PRIMARY'}"
companyAddresses_primary,GGV,"{'address': '北京', 'address2': None, 'geoInfoEN': {'cityId': 1529047, 'city': None, 'province': None, 'country': None}, 'companyAddressType': 'PRIMARY'}","{'address': '深圳', 'address2': None, 'geoInfoEN': {'cityId': 250090, 'city': 'Zarqa', 'province': 'Zarqa', 'country': 'Hashemite Kingdom of Jordan'}, 'companyAddressType': 'PRIMARY'}"
companyAddresses_primary,北京喜得国际网络科技有限公司,"{'address': '北京市朝阳区文心华策影视交流中心2座301', 'address2': None, 'geoInfoEN': {'cityId': 1800657, 'city': None, 'province': None, 'country': None}, 'companyAddressType': 'PRIMARY'}","{'address': '加拿大多伦多', 'address2': None, 'geoInfoEN': {'cityId': 5232379, 'city': 'Toronto', 'province': 'South Dakota', 'country': 'United States'}, 'companyAddressType': 'PRIMARY'}"
companyAddresses_primary,返利网,"{'address': '上海徐汇区龙漕路乙字1号', 'address2': None, 'geoInfoEN': {'cityId': 1815408, 'city': None, 'province': None, 'country': None}, 'companyAddressType': 'PRIMARY'}","{'address': '加拿大多伦多', 'address2': None, 'geoInfoEN': {'cityId': 5232379, 'city': 'Toronto', 'province': 'South Dakota', 'country': 'United States'}, 'companyAddressType': 'PRIMARY'}"
companyAddresses_primary,兴盛优选,"{'address': '长沙', 'address2': None, 'geoInfoEN': {'cityId': 1796989, 'city': None, 'province': None, 'country': None}, 'companyAddressType': 'PRIMARY'}","{'address': '加拿大多伦多', 'address2': None, 'geoInfoEN': {'cityId': 5232379, 'city': 'Toronto', 'province': 'South Dakota', 'country': 'United States'}, 'companyAddressType': 'PRIMARY'}"
companyAddresses_primary,Afterpay,"{'address': '黄浦区', 'address2': None, 'geoInfoEN': {'cityId': 7843183, 'city': None, 'province': None, 'country': None}, 'companyAddressType': 'PRIMARY'}","{'address': '加拿大多伦多', 'address2': None, 'geoInfoEN': {'cityId': 5232379, 'city': 'Toronto', 'province': 'South Dakota', 'country': 'United States'}, 'companyAddressType': 'PRIMARY'}"
companyAddresses_primary,中科驭数(北京)科技有限公司,"{'address': '北京市海淀区北清路81号院一区3号楼8层801室', 'address2': None, 'geoInfoEN': {'cityId': 1809104, 'city': None, 'province': None, 'country': None}, 'companyAddressType': 'PRIMARY'}","{'address': '苏州', 'address2': None, 'geoInfoEN': {'cityId': 1793743, 'city': 'Suzhou', 'province': 'Anhui', 'country': 'China'}, 'companyAddressType': 'PRIMARY'}"
companyAddresses_primary,摩天轮,"{'address': '龙槽路上海市崇明区城桥镇东河沿68号B幢435室（', 'address2': None, 'geoInfoEN': {'cityId': 1787375, 'city': None, 'province': None, 'country': None}, 'companyAddressType': 'PRIMARY'}","{'address': '苏州', 'address2': None, 'geoInfoEN': {'cityId': 1793743, 'city': 'Suzhou', 'province': 'Anhui', 'country': 'China'}, 'companyAddressType': 'PRIMARY'}"
companyAddresses_primary,K11,"{'address': '上海市上海市黄浦区淮海中路300号香港新世界大厦 52F', 'address2': None, 'geoInfoEN': {'cityId': 1787375, 'city': None, 'province': None, 'country': None}, 'companyAddressType': 'PRIMARY'}","{'address': 'www.instagram.com/teamclasspass/', 'address2': None, 'geoInfoEN': {'cityId': 5211712, 'city': 'Sharpsville', 'province': 'Pennsylvania', 'country': 'United States'}, 'companyAddressType': 'PRIMARY'}"
companyAddresses_primary,云脉芯联,"{'address': '上海徐汇区华鑫慧享城', 'address2': None, 'geoInfoEN': {'cityId': 8307452, 'city': None, 'province': None, 'country': None}, 'companyAddressType': 'PRIMARY'}","{'address': '3120 ScoJ Blvd, #301', 'address2': None, 'geoInfoEN': {'cityId': 3440577, 'city': 'Santa Clara de Olimar', 'province': 'Departamento de Treinta y Tres', 'country': 'Uruguay'}, 'companyAddressType': 'PRIMARY'}"
companyAddresses_primary,劲方医药,"{'address': '上海张江', 'address2': None, 'geoInfoEN': {'cityId': 1798439, 'city': None, 'province': None, 'country': None}, 'companyAddressType': 'PRIMARY'}","{'address': '3120 ScoJ Blvd, #301', 'address2': None, 'geoInfoEN': {'cityId': 3440577, 'city': 'Santa Clara de Olimar', 'province': 'Departamento de Treinta y Tres', 'country': 'Uruguay'}, 'companyAddressType': 'PRIMARY'}"
companyAddresses_primary,和誉生物,"{'address': '上海张江', 'address2': None, 'geoInfoEN': {'cityId': 1798234, 'city': None, 'province': None, 'country': None}, 'companyAddressType': 'PRIMARY'}","{'address': '3120 ScoJ Blvd, #301', 'address2': None, 'geoInfoEN': {'cityId': 3440577, 'city': 'Santa Clara de Olimar', 'province': 'Departamento de Treinta y Tres', 'country': 'Uruguay'}, 'companyAddressType': 'PRIMARY'}"
companyAddresses_primary,BorgWarner,"{'address': '紫星路1188号', 'address2': None, 'geoInfoEN': {'cityId': 1787957, 'city': None, 'province': None, 'country': None}, 'companyAddressType': 'PRIMARY'}","{'address': '上海和杭州', 'address2': None, 'geoInfoEN': {'cityId': 1815456, 'city': 'Changzhou', 'province': 'Jiangsu', 'country': 'China'}, 'companyAddressType': 'PRIMARY'}"
companyAddresses_primary,"SPrC Technologies Co., Ltd.(江苏慧易芯科技有限公司)","{'address': 'Room 1801, Building A3, 777 Jianzhu West Road, Binhu District', 'address2': None, 'geoInfoEN': {'cityId': 8555422, 'city': None, 'province': None, 'country': None}, 'companyAddressType': 'PRIMARY'}","{'address': '上海和杭州', 'address2': None, 'geoInfoEN': {'cityId': 1815456, 'city': 'Changzhou', 'province': 'Jiangsu', 'country': 'China'}, 'companyAddressType': 'PRIMARY'}"
companyAddresses_primary,孔明科技,"{'address': '上海市⻓宁区愚园路753号⼆期E栋3楼', 'address2': None, 'geoInfoEN': {'cityId': 1787375, 'city': None, 'province': None, 'country': None}, 'companyAddressType': 'PRIMARY'}","{'address': '上海和杭州', 'address2': None, 'geoInfoEN': {'cityId': 1815456, 'city': 'Changzhou', 'province': 'Jiangsu', 'country': 'China'}, 'companyAddressType': 'PRIMARY'}"
companyAddresses_primary,Frontera 芳拓生物,"{'address': '上海张江和苏州', 'address2': None, 'geoInfoEN': {'cityId': 1887424, 'city': None, 'province': None, 'country': None}, 'companyAddressType': 'PRIMARY'}","{'address': '1705 Guadalupe St. Suite 400', 'address2': None, 'geoInfoEN': {'cityId': 4671654, 'city': 'Austin', 'province': 'Texas', 'country': 'United States'}, 'companyAddressType': 'PRIMARY'}"
companyAddresses_primary,北京十荟科技有限公司 （十荟团）,"{'address': '中国北京', 'address2': None, 'geoInfoEN': {'cityId': 1809104, 'city': None, 'province': None, 'country': None}, 'companyAddressType': 'PRIMARY'}","{'address': '6187 Carpinteria Ave', 'address2': None, 'geoInfoEN': {'cityId': 618129, 'city': 'Carpineni', 'province': 'Hînceşti', 'country': 'Republic of Moldova'}, 'companyAddressType': 'PRIMARY'}"
companyAddresses_primary,The Coca-Cola Company,"{'address': '上海闵行区紫竹科学园区紫月路1188号', 'address2': None, 'geoInfoEN': {'cityId': 1787957, 'city': None, 'province': None, 'country': None}, 'companyAddressType': 'PRIMARY'}","{'address': '38 Kettles Wood Drive, Birmingham B32 3DB', 'address2': None, 'geoInfoEN': {'cityId': 4986172, 'city': 'Birmingham', 'province': 'Michigan', 'country': 'United States'}, 'companyAddressType': 'PRIMARY'}"
companyAddresses_primary,亚盛医药,"{'address': '上海和苏州', 'address2': None, 'geoInfoEN': {'cityId': 1787375, 'city': None, 'province': None, 'country': None}, 'companyAddressType': 'PRIMARY'}","{'address': '中国广东省深圳市南山区海德一道88号中洲控股金融中心A座12层A单元', 'address2': None, 'geoInfoEN': {'cityId': 1669562, 'city': 'Shenzhen', 'province': 'Taoyuan', 'country': 'Taiwan'}, 'companyAddressType': 'PRIMARY'}"
companyAddresses_primary,星巴克中国,"{'address': '中国上海', 'address2': None, 'geoInfoEN': {'cityId': 1814915, 'city': None, 'province': None, 'country': None}, 'companyAddressType': 'PRIMARY'}","{'address': 'Scottsdale', 'address2': None, 'geoInfoEN': {'cityId': 2150060, 'city': 'Scottsdale', 'province': 'Tasmania', 'country': 'Australia'}, 'companyAddressType': 'PRIMARY'}"
companyAddresses_primary,济川药业,"{'address': '上海张江', 'address2': None, 'geoInfoEN': {'cityId': 1798524, 'city': None, 'province': None, 'country': None}, 'companyAddressType': 'PRIMARY'}","{'address': 'Scottsdale', 'address2': None, 'geoInfoEN': {'cityId': 2150060, 'city': 'Scottsdale', 'province': 'Tasmania', 'country': 'Australia'}, 'companyAddressType': 'PRIMARY'}"
companyAddresses_primary,上海荷特宝配餐服务有限公司,"{'address': '上海市浦东新区金苏路200号H栋301室', 'address2': None, 'geoInfoEN': {'cityId': 1798524, 'city': None, 'province': None, 'country': None}, 'companyAddressType': 'PRIMARY'}","{'address': '深圳市龙华区大浪街道华宁路99号新百丽工业园第9栋', 'address2': None, 'geoInfoEN': {'cityId': 1669562, 'city': 'Shenzhen', 'province': 'Taoyuan', 'country': 'Taiwan'}, 'companyAddressType': 'PRIMARY'}"
companyAddresses_primary,树根互联,"{'address': '广州 北京 上海', 'address2': None, 'geoInfoEN': {'cityId': 2038319, 'city': None, 'province': None, 'country': None}, 'companyAddressType': 'PRIMARY'}","{'address': 'China', 'address2': None, 'geoInfoEN': {'cityId': 1669562, 'city': 'Shenzhen', 'province': 'Taoyuan', 'country': 'Taiwan'}, 'companyAddressType': 'PRIMARY'}"
companyAddresses_primary,荣昌生物,"{'address': '上海市浦东新区周浦镇天雄路588弄25栋', 'address2': None, 'geoInfoEN': {'cityId': 1787375, 'city': None, 'province': None, 'country': None}, 'companyAddressType': 'PRIMARY'}","{'address': 'Internal Audit Dept., SMOORE, No. 16, Dongcai Industrial Zone, Baoan District, Shenzhen', 'address2': None, 'geoInfoEN': {'cityId': 1669562, 'city': 'Shenzhen', 'province': 'Taoyuan', 'country': 'Taiwan'}, 'companyAddressType': 'PRIMARY'}"
companyAddresses_primary,"Ziel Home Furnishing Technology Co., Ltd","{'address': '河南省郑州市二七区嵩山南路198-19号东方大厦6楼601号', 'address2': None, 'geoInfoEN': {'cityId': 1786373, 'city': None, 'province': None, 'country': None}, 'companyAddressType': 'PRIMARY'}","{'address': '3103 N 1st St, 95134', 'address2': None, 'geoInfoEN': {'cityId': 1689540, 'city': 'San Jose', 'province': 'Western Visayas', 'country': 'Philippines'}, 'companyAddressType': 'PRIMARY'}"
companyAddresses_primary,贝壳找房,"{'address': '北京市海淀区创业路2号东方电子科技大厦贝壳找房一层', 'address2': None, 'geoInfoEN': {'cityId': 1809104, 'city': None, 'province': None, 'country': None}, 'companyAddressType': 'PRIMARY'}","{'address': '3103 N 1st St, 95134', 'address2': None, 'geoInfoEN': {'cityId': 1689540, 'city': 'San Jose', 'province': 'Western Visayas', 'country': 'Philippines'}, 'companyAddressType': 'PRIMARY'}"
companyAddresses_primary,上海概率量化投资公司,"{'address': '上海市浦东新区陆家嘴金茂大厦', 'address2': None, 'geoInfoEN': {'cityId': 1787375, 'city': None, 'province': None, 'country': None}, 'companyAddressType': 'PRIMARY'}","{'address': '250 Royal Crest Court, Markham, ON L3R 3S1 Canada', 'address2': None, 'geoInfoEN': {'cityId': 3180826, 'city': 'Cannara', 'province': 'Umbria', 'country': 'Italy'}, 'companyAddressType': 'PRIMARY'}"
companyAddresses_primary,ThunderSoft,"{'address': 'ThunderSoft Building, Building 3, No.9 Qinghua Dong Road, Haidian District, Beijing, China,100083', 'address2': None, 'geoInfoEN': {'cityId': 1800657, 'city': None, 'province': None, 'country': None}, 'companyAddressType': 'PRIMARY'}","{'address': '3 Ravendale', 'address2': None, 'geoInfoEN': {'cityId': 5359777, 'city': 'Irvine', 'province': 'California', 'country': 'United States'}, 'companyAddressType': 'PRIMARY'}"
companyAddresses_primary,艺星医疗美容整形,"{'address': '上海市长宁区虹桥路1165号(伊犁路)', 'address2': None, 'geoInfoEN': {'cityId': 1815408, 'city': None, 'province': None, 'country': None}, 'companyAddressType': 'PRIMARY'}","{'address': '3 Ravendale', 'address2': None, 'geoInfoEN': {'cityId': 5359777, 'city': 'Irvine', 'province': 'California', 'country': 'United States'}, 'companyAddressType': 'PRIMARY'}"
companyAddresses_primary,Overland,"{'address': '上海', 'address2': None, 'geoInfoEN': {'cityId': 1815408, 'city': None, 'province': None, 'country': None}, 'companyAddressType': 'PRIMARY'}","{'address': '1 Front St Ste 2800', 'address2': None, 'geoInfoEN': {'cityId': 1690019, 'city': 'San Francisco', 'province': 'Caraga', 'country': 'Philippines'}, 'companyAddressType': 'PRIMARY'}"
companyAddresses_primary,美篇（蓝鲸人）,"{'address': '北京海淀区量子芯座', 'address2': None, 'geoInfoEN': {'cityId': 1809104, 'city': None, 'province': None, 'country': None}, 'companyAddressType': 'PRIMARY'}","{'address': 'China', 'address2': None, 'geoInfoEN': {'cityId': 1669562, 'city': 'Shenzhen', 'province': 'Taoyuan', 'country': 'Taiwan'}, 'companyAddressType': 'PRIMARY'}"
companyAddresses_primary,上海赛比曼生物科技有限公司,"{'address': '上海浦东新区张江法拉第路86号', 'address2': None, 'geoInfoEN': {'cityId': 1798439, 'city': None, 'province': None, 'country': None}, 'companyAddressType': 'PRIMARY'}","{'address': '苏州市吴中区越溪吴中大道2zg8号16幢E3', 'address2': None, 'geoInfoEN': {'cityId': 1793743, 'city': 'Suzhou', 'province': 'Anhui', 'country': 'China'}, 'companyAddressType': 'PRIMARY'}"
companyAddresses_primary,CBIM 中设数字,"{'address': '石景山区古城南街9号院绿地环球文化金融城1号楼3层', 'address2': None, 'geoInfoEN': {'cityId': 2038319, 'city': None, 'province': None, 'country': None}, 'companyAddressType': 'PRIMARY'}","{'address': '苏州', 'address2': None, 'geoInfoEN': {'cityId': 1886760, 'city': 'Suzhou', 'province': 'Jiangsu', 'country': 'China'}, 'companyAddressType': 'PRIMARY'}"
companyAddresses_primary,Sequoia Capital China 红杉资本中国基金,"{'address': '朝阳区 建国路 77 号 华贸中心 3 号写字楼 3606', 'address2': None, 'geoInfoEN': {'cityId': 2035469, 'city': None, 'province': None, 'country': None}, 'companyAddressType': 'PRIMARY'}","{'address': '苏州', 'address2': None, 'geoInfoEN': {'cityId': 1886760, 'city': 'Suzhou', 'province': 'Jiangsu', 'country': 'China'}, 'companyAddressType': 'PRIMARY'}"
companyAddresses_primary,Pudu Robotics - North America/Sorth America,"{'address': '香港九龙尖沙咀广东道17号海港城环球金融中心南座13A楼06室', 'address2': None, 'geoInfoEN': {'cityId': 1818544, 'city': None, 'province': None, 'country': None}, 'companyAddressType': 'PRIMARY'}","{'address': '苏州', 'address2': None, 'geoInfoEN': {'cityId': 1886760, 'city': 'Suzhou', 'province': 'Jiangsu', 'country': 'China'}, 'companyAddressType': 'PRIMARY'}"
companyAddresses_primary,上海随时随地科技有限公司,"{'address': '上海市静安区南京西路591弄128号', 'address2': None, 'geoInfoEN': {'cityId': 1794035, 'city': None, 'province': None, 'country': None}, 'companyAddressType': 'PRIMARY'}","{'address': '越洋广场', 'address2': None, 'geoInfoEN': {'cityId': 1796236, 'city': 'Shanghai', 'province': 'Shanghai', 'country': 'China'}, 'companyAddressType': 'PRIMARY'}"
companyAddresses_primary,优锐医药,"{'address': 'http://www.nuancepharma.com/', 'address2': None, 'geoInfoEN': {'cityId': 1787375, 'city': None, 'province': None, 'country': None}, 'companyAddressType': 'PRIMARY'}","{'address': '越洋广场', 'address2': None, 'geoInfoEN': {'cityId': 1796236, 'city': 'Shanghai', 'province': 'Shanghai', 'country': 'China'}, 'companyAddressType': 'PRIMARY'}"
companyAddresses_primary,WeDoctor微医,"{'address': 'Hangzhou', 'address2': None, 'geoInfoEN': {'cityId': 1796163, 'city': None, 'province': None, 'country': None}, 'companyAddressType': 'PRIMARY'}","{'address': 'China', 'address2': None, 'geoInfoEN': {'cityId': 1669562, 'city': 'Shenzhen', 'province': 'Taoyuan', 'country': 'Taiwan'}, 'companyAddressType': 'PRIMARY'}"
companyAddresses_primary,Kong,"{'address': '上海', 'address2': None, 'geoInfoEN': {'cityId': 1798234, 'city': None, 'province': None, 'country': None}, 'companyAddressType': 'PRIMARY'}","{'address': 'China', 'address2': None, 'geoInfoEN': {'cityId': 1669562, 'city': 'Shenzhen', 'province': 'Taoyuan', 'country': 'Taiwan'}, 'companyAddressType': 'PRIMARY'}"
companyAddresses_primary,上海复星医药（集团）股份有限公司,"{'address': '上海市宜山路1289号（复星科技园A楼）', 'address2': None, 'geoInfoEN': {'cityId': 1798439, 'city': None, 'province': None, 'country': None}, 'companyAddressType': 'PRIMARY'}","{'address': '深圳', 'address2': None, 'geoInfoEN': {'cityId': 1669562, 'city': 'Shenzhen', 'province': 'Taoyuan', 'country': 'Taiwan'}, 'companyAddressType': 'PRIMARY'}"
companyAddresses_primary,数势科技,"{'address': '中国上海', 'address2': None, 'geoInfoEN': {'cityId': 1787375, 'city': None, 'province': None, 'country': None}, 'companyAddressType': 'PRIMARY'}","{'address': '广州市黄埔区', 'address2': None, 'geoInfoEN': {'cityId': 1809858, 'city': 'Guangzhou', 'province': 'Guangdong', 'country': 'China'}, 'companyAddressType': 'PRIMARY'}"
companyAddresses_primary,丹麦盛宝银行,"{'address': '国金', 'address2': None, 'geoInfoEN': {'cityId': 1787375, 'city': None, 'province': None, 'country': None}, 'companyAddressType': 'PRIMARY'}","{'address': '20 Science Park Rd', 'address2': None, 'geoInfoEN': {'cityId': 4366379, 'city': 'Queenstown', 'province': 'Maryland', 'country': 'United States'}, 'companyAddressType': 'PRIMARY'}"
companyAddresses_primary,Insilico Medicine,"{'address': '上海市张江长泰广场', 'address2': None, 'geoInfoEN': {'cityId': 1798234, 'city': None, 'province': None, 'country': None}, 'companyAddressType': 'PRIMARY'}","{'address': '20 Science Park Rd', 'address2': None, 'geoInfoEN': {'cityId': 4366379, 'city': 'Queenstown', 'province': 'Maryland', 'country': 'United States'}, 'companyAddressType': 'PRIMARY'}"
companyAddresses_primary,珠海泰诺麦博技术有限公司,"{'address': '王府井东方广场', 'address2': None, 'geoInfoEN': {'cityId': 2035469, 'city': None, 'province': None, 'country': None}, 'companyAddressType': 'PRIMARY'}","{'address': 'San Francisco', 'address2': None, 'geoInfoEN': {'cityId': 1690019, 'city': 'San Francisco', 'province': 'Caraga', 'country': 'Philippines'}, 'companyAddressType': 'PRIMARY'}"
companyAddresses_primary,齐柏林（上海）网络科技有限公司,"{'address': '齐柏林（上海）网络科技有限公司', 'address2': None, 'geoInfoEN': {'cityId': 1808090, 'city': None, 'province': None, 'country': None}, 'companyAddressType': 'PRIMARY'}","{'address': 'San Francisco', 'address2': None, 'geoInfoEN': {'cityId': 1690019, 'city': 'San Francisco', 'province': 'Caraga', 'country': 'Philippines'}, 'companyAddressType': 'PRIMARY'}"
companyAddresses_primary,Worldpanel,"{'address': '九江路333号', 'address2': None, 'geoInfoEN': {'cityId': 1798234, 'city': None, 'province': None, 'country': None}, 'companyAddressType': 'PRIMARY'}","{'address': 'China', 'address2': None, 'geoInfoEN': {'cityId': 1669562, 'city': 'Shenzhen', 'province': 'Taoyuan', 'country': 'Taiwan'}, 'companyAddressType': 'PRIMARY'}"
companyAddresses_primary,边锋科技 BIANFENG,"{'address': '上海', 'address2': None, 'geoInfoEN': {'cityId': 1798234, 'city': None, 'province': None, 'country': None}, 'companyAddressType': 'PRIMARY'}","{'address': '越洋广场', 'address2': None, 'geoInfoEN': {'cityId': 1796236, 'city': 'Shanghai', 'province': 'Shanghai', 'country': 'China'}, 'companyAddressType': 'PRIMARY'}"
companyAddresses_primary,卡游,"{'address': '闵行区金雨路55号C118号', 'address2': None, 'geoInfoEN': {'cityId': 1794035, 'city': None, 'province': None, 'country': None}, 'companyAddressType': 'PRIMARY'}","{'address': 'TBD', 'address2': None, 'geoInfoEN': {'cityId': 3549470, 'city': 'Los Angeles', 'province': 'Mayabeque', 'country': 'Cuba'}, 'companyAddressType': 'PRIMARY'}"
companyAddresses_primary,年衍药业（上海）有限公司,"{'address': '上海市浦东新区平家桥路100弄6号7幢5层', 'address2': None, 'geoInfoEN': {'cityId': 1787375, 'city': None, 'province': None, 'country': None}, 'companyAddressType': 'PRIMARY'}","{'address': '1304 S 51st St', 'address2': None, 'geoInfoEN': {'cityId': 5387428, 'city': 'Richmond', 'province': 'California', 'country': 'United States'}, 'companyAddressType': 'PRIMARY'}"
companyAddresses_primary,北京奇点无限数据科技有限公司,"{'address': '北京市朝阳区望京国际商业中心 F 座 B 区 wework 4 层', 'address2': None, 'geoInfoEN': {'cityId': 1787375, 'city': None, 'province': None, 'country': None}, 'companyAddressType': 'PRIMARY'}","{'address': '1304 S 51st St', 'address2': None, 'geoInfoEN': {'cityId': 5387428, 'city': 'Richmond', 'province': 'California', 'country': 'United States'}, 'companyAddressType': 'PRIMARY'}"
companyAddresses_primary,拾象投资,"{'address': '北京', 'address2': None, 'geoInfoEN': {'cityId': 1807544, 'city': None, 'province': None, 'country': None}, 'companyAddressType': 'PRIMARY'}","{'address': '405 E 4th Ave', 'address2': None, 'geoInfoEN': {'cityId': 5392423, 'city': 'San Mateo', 'province': 'California', 'country': 'United States'}, 'companyAddressType': 'PRIMARY'}"
companyAddresses_primary,杭州山竹乐享科技有限公司（BE IN）,"{'address': '北京市朝阳区望京东园四区13号楼浦项中心A座23层', 'address2': None, 'geoInfoEN': {'cityId': 1792520, 'city': None, 'province': None, 'country': None}, 'companyAddressType': 'PRIMARY'}","{'address': '广东省深圳市南山区高新南四道18号创维半导体设计大厦西座14层', 'address2': None, 'geoInfoEN': {'cityId': 1669562, 'city': 'Shenzhen', 'province': 'Taoyuan', 'country': 'Taiwan'}, 'companyAddressType': 'PRIMARY'}"
companyAddresses_primary,上海欣兆阳信息科技有限公司（convertlab）,"{'address': '上海市徐汇区乐山路33号慧谷科技园605室', 'address2': None, 'geoInfoEN': {'cityId': 1787375, 'city': None, 'province': None, 'country': None}, 'companyAddressType': 'PRIMARY'}","{'address': '23661 Birtcher Dr.', 'address2': None, 'geoInfoEN': {'cityId': 5364514, 'city': 'Lake Forest', 'province': 'California', 'country': 'United States'}, 'companyAddressType': 'PRIMARY'}"
companyAddresses_primary,Havas,"{'address': '淮海中路', 'address2': None, 'geoInfoEN': {'cityId': 1798234, 'city': None, 'province': None, 'country': None}, 'companyAddressType': 'PRIMARY'}","{'address': '850 N Shoreline Blvd', 'address2': None, 'geoInfoEN': {'cityId': 4543228, 'city': 'Mountain View', 'province': 'Oklahoma', 'country': 'United States'}, 'companyAddressType': 'PRIMARY'}"
companyAddresses_primary,思路迪,"{'address': '上海', 'address2': None, 'geoInfoEN': {'cityId': 1787957, 'city': None, 'province': None, 'country': None}, 'companyAddressType': 'PRIMARY'}","{'address': '850 N Shoreline Blvd', 'address2': None, 'geoInfoEN': {'cityId': 4543228, 'city': 'Mountain View', 'province': 'Oklahoma', 'country': 'United States'}, 'companyAddressType': 'PRIMARY'}"
companyAddresses_primary,智明星通,"{'address': '北京海淀区知春路7号致真大厦C座5-6层', 'address2': None, 'geoInfoEN': {'cityId': 1809104, 'city': None, 'province': None, 'country': None}, 'companyAddressType': 'PRIMARY'}","{'address': 'shanghai', 'address2': None, 'geoInfoEN': {'cityId': 1796236, 'city': 'Shanghai', 'province': 'Shanghai', 'country': 'China'}, 'companyAddressType': 'PRIMARY'}"
companyAddresses_primary,商越科技,"{'address': 'shanghai', 'address2': None, 'geoInfoEN': {'cityId': 1794035, 'city': None, 'province': None, 'country': None}, 'companyAddressType': 'PRIMARY'}","{'address': '越洋广场', 'address2': None, 'geoInfoEN': {'cityId': 1796236, 'city': 'Shanghai', 'province': 'Shanghai', 'country': 'China'}, 'companyAddressType': 'PRIMARY'}"
companyAddresses_primary,高德美,"{'address': '上海黄浦区', 'address2': None, 'geoInfoEN': {'cityId': 1796231, 'city': None, 'province': None, 'country': None}, 'companyAddressType': 'PRIMARY'}","{'address': 'beijing', 'address2': None, 'geoInfoEN': {'cityId': 1816670, 'city': 'Beijing', 'province': 'Beijing', 'country': 'China'}, 'companyAddressType': 'PRIMARY'}"
companyAddresses_primary,衔远科技,"{'address': '北京', 'address2': None, 'geoInfoEN': {'cityId': 8541236, 'city': None, 'province': None, 'country': None}, 'companyAddressType': 'PRIMARY'}","{'address': 'Bay area', 'address2': None, 'geoInfoEN': {'cityId': 3450357, 'city': 'Santa Clara do Sul', 'province': 'Rio Grande do Sul', 'country': 'Brazil'}, 'companyAddressType': 'PRIMARY'}"
companyAddresses_primary,Datastax,"{'address': '中国上海', 'address2': None, 'geoInfoEN': {'cityId': 1814915, 'city': None, 'province': None, 'country': None}, 'companyAddressType': 'PRIMARY'}","{'address': '505 Brannan St.', 'address2': None, 'geoInfoEN': {'cityId': 1690019, 'city': 'San Francisco', 'province': 'Caraga', 'country': 'Philippines'}, 'companyAddressType': 'PRIMARY'}"
companyAddresses_primary,Seel,"{'address': 'Shanghai Nanjing West Road', 'address2': None, 'geoInfoEN': {'cityId': 1797798, 'city': None, 'province': None, 'country': None}, 'companyAddressType': 'PRIMARY'}","{'address': 'Toranomon Hills Mori Tower', 'address2': None, 'geoInfoEN': {'cityId': 1857105, 'city': 'Minato', 'province': 'Chiba', 'country': 'Japan'}, 'companyAddressType': 'PRIMARY'}"
companyAddresses_primary,Shopee EU,"{'address': 'Singapore', 'address2': None, 'geoInfoEN': {'cityId': 1880159, 'city': None, 'province': None, 'country': None}, 'companyAddressType': 'PRIMARY'}","{'address': '深圳龙岗区坂田街道天安云谷一期2栋2楼AI创新中心', 'address2': None, 'geoInfoEN': {'cityId': 1669562, 'city': 'Shenzhen', 'province': 'Taoyuan', 'country': 'Taiwan'}, 'companyAddressType': 'PRIMARY'}"
companyAddresses_primary,Novartis,"{'address': '上海', 'address2': None, 'geoInfoEN': {'cityId': 1798524, 'city': None, 'province': None, 'country': None}, 'companyAddressType': 'PRIMARY'}","{'address': '4320 Stevens Creek Blvd, Suite 268', 'address2': None, 'geoInfoEN': {'cityId': 1689395, 'city': 'San Jose del Monte', 'province': 'Central Luzon', 'country': 'Philippines'}, 'companyAddressType': 'PRIMARY'}"
companyAddresses_primary,普米斯,"{'address': '珠海', 'address2': None, 'geoInfoEN': {'cityId': 1816784, 'city': None, 'province': None, 'country': None}, 'companyAddressType': 'PRIMARY'}","{'address': '杭州城西', 'address2': None, 'geoInfoEN': {'cityId': 1785018, 'city': 'Zhangzhou', 'province': 'Fujian', 'country': 'China'}, 'companyAddressType': 'PRIMARY'}"
companyAddresses_primary,学而思,"{'address': '北京海淀区', 'address2': None, 'geoInfoEN': {'cityId': 8541236, 'city': None, 'province': None, 'country': None}, 'companyAddressType': 'PRIMARY'}","{'address': '40748 Encycopedia Circle, Fremont, CA,  94538', 'address2': None, 'geoInfoEN': {'cityId': 4920512, 'city': 'Fremont', 'province': 'Indiana', 'country': 'United States'}, 'companyAddressType': 'PRIMARY'}"
companyAddresses_primary,头条,"{'address': '北京市海淀区紫金数码园4号楼2层', 'address2': None, 'geoInfoEN': {'cityId': 2033458, 'city': None, 'province': None, 'country': None}, 'companyAddressType': 'PRIMARY'}","{'address': '深圳南山区腾讯滨海大厦', 'address2': None, 'geoInfoEN': {'cityId': 1669562, 'city': 'Shenzhen', 'province': 'Taoyuan', 'country': 'Taiwan'}, 'companyAddressType': 'PRIMARY'}"
companyAddresses_primary,Blitz,"{'address': '招商局广场，在南京新路站', 'address2': None, 'geoInfoEN': {'cityId': 8307452, 'city': None, 'province': None, 'country': None}, 'companyAddressType': 'PRIMARY'}","{'address': '深圳南山区腾讯滨海大厦', 'address2': None, 'geoInfoEN': {'cityId': 1669562, 'city': 'Shenzhen', 'province': 'Taoyuan', 'country': 'Taiwan'}, 'companyAddressType': 'PRIMARY'}"
companyAddresses_primary,ByBit,"{'address': 'FT14 20/F BLK A LAI YING HSE LAI YAN CRT 278 LAI KING HILL RD KWAI CHUNG, HONG KONG', 'address2': None, 'geoInfoEN': {'cityId': 1819595, 'city': None, 'province': None, 'country': None}, 'companyAddressType': 'PRIMARY'}","{'address': '345 Park Ave', 'address2': None, 'geoInfoEN': {'cityId': 5392171, 'city': 'San Jose', 'province': 'California', 'country': 'United States'}, 'companyAddressType': 'PRIMARY'}"
companyAddresses_primary,山鹰国际控股股份公司,"{'address': '上海市杨浦区安浦路 645 号滨江 6 号楼', 'address2': None, 'geoInfoEN': {'cityId': 1787375, 'city': None, 'province': None, 'country': None}, 'companyAddressType': 'PRIMARY'}","{'address': '北京望京利泽中园101号B座二层B202室', 'address2': None, 'geoInfoEN': {'cityId': 1816670, 'city': 'Beijing', 'province': 'Beijing', 'country': 'China'}, 'companyAddressType': 'PRIMARY'}"
companyAddresses_primary,烨辉医药 Bionova Pharma,"{'address': '上海浦东新区金科路2889弄  长泰广场B座9楼901室', 'address2': None, 'geoInfoEN': {'cityId': 1798524, 'city': None, 'province': None, 'country': None}, 'companyAddressType': 'PRIMARY'}","{'address': '北京望京利泽中园101号B座二层B202室', 'address2': None, 'geoInfoEN': {'cityId': 1816670, 'city': 'Beijing', 'province': 'Beijing', 'country': 'China'}, 'companyAddressType': 'PRIMARY'}"
companyAddresses_primary,葆元医药,"{'address': 'Suite 6403, No.6 Building, RUIJIN Hotel 118 Ruijin Second Road, Huangpu District, Shanghai,', 'address2': None, 'geoInfoEN': {'cityId': 1796231, 'city': None, 'province': None, 'country': None}, 'companyAddressType': 'PRIMARY'}","{'address': '北京市西城区西直门外大街18号楼16层1单元1921', 'address2': None, 'geoInfoEN': {'cityId': 1816670, 'city': 'Beijing', 'province': 'Beijing', 'country': 'China'}, 'companyAddressType': 'PRIMARY'}"
companyAddresses_primary,Nodereal,"{'address': '上海市南京西路', 'address2': None, 'geoInfoEN': {'cityId': 1787957, 'city': None, 'province': None, 'country': None}, 'companyAddressType': 'PRIMARY'}","{'address': '东莞北京上海成都武汉广州南京', 'address2': None, 'geoInfoEN': {'cityId': 1816670, 'city': 'Beijing', 'province': 'Beijing', 'country': 'China'}, 'companyAddressType': 'PRIMARY'}"
companyAddresses_primary,北京吉小满科技有限公司,"{'address': '杭州市余杭区贝达梦工厂 D座502', 'address2': None, 'geoInfoEN': {'cityId': 2038349, 'city': None, 'province': None, 'country': None}, 'companyAddressType': 'PRIMARY'}","{'address': '东莞北京上海成都武汉广州南京', 'address2': None, 'geoInfoEN': {'cityId': 1816670, 'city': 'Beijing', 'province': 'Beijing', 'country': 'China'}, 'companyAddressType': 'PRIMARY'}"
companyAddresses_primary,赛默罗,"{'address': '上海市浦东新区半夏路100弄26号', 'address2': None, 'geoInfoEN': {'cityId': 2038154, 'city': None, 'province': None, 'country': None}, 'companyAddressType': 'PRIMARY'}","{'address': '杭州市西湖区天目山路238号华鸿大厦1号楼四层402-2室', 'address2': None, 'geoInfoEN': {'cityId': 1808926, 'city': 'Hangzhou', 'province': 'Zhejiang', 'country': 'China'}, 'companyAddressType': 'PRIMARY'}"
companyAddresses_primary,翰森制药,"{'address': '上海', 'address2': None, 'geoInfoEN': {'cityId': 1798524, 'city': None, 'province': None, 'country': None}, 'companyAddressType': 'PRIMARY'}","{'address': '2290 N 1st St STE 100', 'address2': None, 'geoInfoEN': {'cityId': 5392171, 'city': 'San Jose', 'province': 'California', 'country': 'United States'}, 'companyAddressType': 'PRIMARY'}"
companyAddresses_primary,明济生物,"{'address': 'http://www.futuregen.com.cn/', 'address2': None, 'geoInfoEN': {'cityId': 1808090, 'city': None, 'province': None, 'country': None}, 'companyAddressType': 'PRIMARY'}","{'address': '2290 N 1st St STE 100', 'address2': None, 'geoInfoEN': {'cityId': 5392171, 'city': 'San Jose', 'province': 'California', 'country': 'United States'}, 'companyAddressType': 'PRIMARY'}"
companyAddresses_primary,创胜集团,"{'address': 'shanghai', 'address2': None, 'geoInfoEN': {'cityId': 1798439, 'city': None, 'province': None, 'country': None}, 'companyAddressType': 'PRIMARY'}","{'address': 'suzhou', 'address2': None, 'geoInfoEN': {'cityId': 1886760, 'city': 'Suzhou', 'province': 'Jiangsu', 'country': 'China'}, 'companyAddressType': 'PRIMARY'}"
companyAddresses_primary,迪哲医药,"{'address': '上海', 'address2': None, 'geoInfoEN': {'cityId': 1808090, 'city': None, 'province': None, 'country': None}, 'companyAddressType': 'PRIMARY'}","{'address': '548 Market Street # 72800', 'address2': None, 'geoInfoEN': {'cityId': 5391959, 'city': 'San Francisco', 'province': 'California', 'country': 'United States'}, 'companyAddressType': 'PRIMARY'}"
companyAddresses_primary,深圳市赞达贸易有限公司lazada,"{'address': '深圳南山区阿里中心T2', 'address2': None, 'geoInfoEN': {'cityId': 1809104, 'city': None, 'province': None, 'country': None}, 'companyAddressType': 'PRIMARY'}","{'address': 'Shenzen', 'address2': None, 'geoInfoEN': {'cityId': 1669562, 'city': 'Shenzhen', 'province': 'Taoyuan', 'country': 'Taiwan'}, 'companyAddressType': 'PRIMARY'}"
companyAddresses_primary,Wholesail,"{'address': '北京/ 上海', 'address2': None, 'geoInfoEN': {'cityId': 1809104, 'city': None, 'province': None, 'country': None}, 'companyAddressType': 'PRIMARY'}","{'address': 'Orion Gate, Guildford Road, Woking, Surrey, England, GU22 7NJ', 'address2': None, 'geoInfoEN': {'cityId': 3333165, 'city': '', 'province': 'England', 'country': 'United Kingdom'}, 'companyAddressType': 'PRIMARY'}"
companyAddresses_primary,Gaussian Robotics,"{'address': 'China', 'address2': None, 'geoInfoEN': {'cityId': 1808090, 'city': None, 'province': None, 'country': None}, 'companyAddressType': 'PRIMARY'}","{'address': '深圳市宝安区福永意库12栋', 'address2': None, 'geoInfoEN': {'cityId': 1795565, 'city': 'Shenzhen', 'province': 'Guangdong', 'country': 'China'}, 'companyAddressType': 'PRIMARY'}"
companyAddresses_primary,蓝湖,"{'address': '北京市', 'address2': None, 'geoInfoEN': {'cityId': 2038154, 'city': None, 'province': None, 'country': None}, 'companyAddressType': 'PRIMARY'}","{'address': '上海广中西路699号大宁商务中心', 'address2': None, 'geoInfoEN': {'cityId': 1796236, 'city': 'Shanghai', 'province': 'Shanghai', 'country': 'China'}, 'companyAddressType': 'PRIMARY'}"
companyAddresses_primary,Zuler,"{'address': '武汉市硚口区资本大厦', 'address2': None, 'geoInfoEN': {'cityId': 1814905, 'city': None, 'province': None, 'country': None}, 'companyAddressType': 'PRIMARY'}","{'address': '6080 Center Dr， Suite 710，', 'address2': None, 'geoInfoEN': {'cityId': 5368361, 'city': 'Los Angeles', 'province': 'California', 'country': 'United States'}, 'companyAddressType': 'PRIMARY'}"
companyAddresses_primary,恩凯细胞,"{'address': 'China', 'address2': None, 'geoInfoEN': {'cityId': 1808090, 'city': None, 'province': None, 'country': None}, 'companyAddressType': 'PRIMARY'}","{'address': '深圳', 'address2': None, 'geoInfoEN': {'cityId': 1795565, 'city': 'Shenzhen', 'province': 'Guangdong', 'country': 'China'}, 'companyAddressType': 'PRIMARY'}"
companyAddresses_primary,脉砥微电子,"{'address': '上海浦东新区金科路2889弄  长泰广场B座9楼901室', 'address2': None, 'geoInfoEN': {'cityId': 1798524, 'city': None, 'province': None, 'country': None}, 'companyAddressType': 'PRIMARY'}","{'address': '广州', 'address2': None, 'geoInfoEN': {'cityId': 1809858, 'city': 'Guangzhou', 'province': 'Guangdong', 'country': 'China'}, 'companyAddressType': 'PRIMARY'}"
companyAddresses_primary,富数科技,"{'address': '488 De Guigne Dr.', 'address2': None, 'geoInfoEN': {'cityId': 5400075, 'city': 'Sunnyvale', 'province': 'California', 'country': 'United States'}, 'companyAddressType': 'PRIMARY'}","{'address': '上海', 'address2': None, 'geoInfoEN': {'cityId': 1814991, 'city': '', 'province': '', 'country': 'China'}, 'companyAddressType': 'PRIMARY'}"
companyAddresses_primary,鱼跃,"{'address': 'shanghai', 'address2': None, 'geoInfoEN': {'cityId': 1796236, 'city': 'Shanghai', 'province': 'Shanghai', 'country': 'China'}, 'companyAddressType': 'PRIMARY'}","{'address': '上海', 'address2': None, 'geoInfoEN': {'cityId': 1796236, 'city': 'Shanghai', 'province': 'Shanghai', 'country': 'China'}, 'companyAddressType': 'PRIMARY'}"
